geoName,2015-01-,2015-02-,2015-03-,2015-04-,2015-05-,2015-06-,2015-07-,2015-08-,2015-09-,2015-10-,2015-11-,2015-12-,2016-01-,2016-02-,2016-03-,2016-04-,2016-05-,2016-06-,2016-07-,2016-08-,2016-09-,2016-10-,2016-11-,2016-12-,2017-01-,2017-02-,2017-03-,2017-04-,2017-05-,2017-06-,2017-07-,2017-08-,2017-09-,2017-10-,2017-11-,2017-12-,2018-01-,2018-02-,2018-03-,2018-04-,2018-05-,2018-06-,2018-07-,2018-08-,2018-09-,2018-10-,2018-11-,2018-12-,2019-01-,2019-02-,2019-03-,2019-04-,2019-05-,2019-06-,2019-07-,2019-08-,2019-09-,2019-10-,2019-11-
Abilene-Sweetwater TX,83,0,0,0,0,44,41,0,42,43,45,45,0,45,54,0,67,0,60,0,42,42,88,0,0,0,0,0,0,36,32,44,35,83,40,78,65,0,34,0,0,34,67,0,44,35,39,0,15,38,79,32,0,0,0,0,52,58,0
Ain,0,0,0,0,0,0,0,0,0,0,0,0,0,0,0,0,0,0,0,0,0,0,0,0,0,0,0,0,0,0,0,0,0,0,0,0,0,0,0,0,0,0,0,0,0,0,0,0,0,0,0,0,0,0,0,0,0,0,0
Aisne,0,0,0,0,0,0,0,0,0,0,0,0,0,0,0,0,0,0,0,0,0,0,0,0,0,0,0,0,0,0,0,0,0,0,0,0,0,0,0,0,0,0,0,0,0,0,0,0,0,0,0,0,0,0,0,0,0,0,0
Albany GA,76,83,58,0,0,37,62,43,54,36,33,63,78,67,41,69,53,0,90,72,65,33,35,34,51,0,22,95,95,0,49,44,45,96,48,48,26,34,56,45,33,57,36,89,36,52,16,20,13,51,0,40,48,69,43,32,70,64,33
Albany-Schenectady-Troy NY,41,22,11,23,14,10,0,19,11,16,11,16,18,17,33,15,21,3,8,22,14,14,18,12,41,25,6,23,31,15,15,18,8,24,12,22,16,18,26,32,8,10,11,18,29,15,9,4,14,14,28,25,35,14,14,26,25,29,31
Albuquerque-Santa Fe NM,21,11,16,17,11,16,15,18,13,13,19,8,15,15,26,9,45,6,15,30,14,31,12,15,28,18,9,11,23,16,16,18,16,19,13,22,19,17,24,25,16,10,24,20,29,23,15,11,7,29,20,19,15,20,19,20,18,25,27
Alexandria LA,0,0,0,0,0,0,0,0,0,0,0,0,0,0,0,0,0,0,0,0,0,0,0,0,0,0,0,0,0,0,0,0,0,0,0,0,0,0,0,0,0,0,0,0,0,0,0,0,0,0,0,0,0,0,0,0,0,0,0
Allier,0,0,0,0,0,0,0,0,0,0,0,0,0,0,0,0,0,0,0,0,0,0,0,0,0,0,0,0,0,0,0,0,0,0,0,0,0,0,0,0,0,0,0,0,0,0,0,0,0,0,0,0,0,0,0,0,0,0,0
Alpena MI,0,0,0,0,0,0,0,0,0,0,0,0,0,0,0,0,0,0,0,0,0,0,0,0,0,0,0,0,0,0,0,0,0,0,0,0,0,0,0,0,0,0,0,0,0,0,0,0,0,0,0,0,0,0,0,0,0,0,0
Alpes-Maritimes,0,0,0,0,0,0,0,0,0,0,0,0,0,0,0,0,0,0,0,0,0,0,0,0,0,0,0,0,0,0,0,0,0,0,0,0,0,0,0,0,0,0,0,0,0,0,0,0,0,0,0,0,0,0,0,0,0,0,0
Alpes-de-Haute-Provence,0,0,0,0,0,0,0,0,0,0,0,0,0,0,0,0,0,0,0,0,0,0,0,0,0,0,0,0,0,0,0,0,0,0,0,0,0,0,0,0,0,0,0,0,0,0,0,0,0,0,0,0,0,0,0,0,0,0,0
Amarillo TX,46,50,0,0,0,0,22,44,0,26,25,25,33,24,59,23,36,10,47,39,35,23,46,24,24,0,0,22,100,0,26,47,29,45,22,0,18,23,19,30,9,20,25,50,0,0,11,16,18,32,0,27,22,24,0,23,49,33,23
Anchorage AK,33,68,19,21,18,12,17,32,0,30,23,29,34,18,22,18,73,17,0,19,27,0,64,19,20,0,13,18,27,25,14,20,22,20,61,33,22,45,35,21,17,40,54,43,36,28,9,23,8,31,31,51,20,21,13,20,82,55,41
Ardeche,0,0,0,0,0,0,0,0,0,0,0,0,0,0,0,0,0,0,0,0,0,0,0,0,0,0,0,0,0,0,0,0,0,0,0,0,0,0,0,0,0,0,0,0,0,0,0,0,0,0,0,0,0,0,0,0,0,0,0
Ardennes,0,0,0,0,0,0,0,0,0,0,0,0,0,0,0,0,0,0,0,0,0,0,0,0,0,0,0,0,0,0,0,0,0,0,0,0,0,0,0,0,0,0,0,0,0,0,0,0,0,0,0,0,0,0,0,0,0,0,0
Ariege,0,0,0,0,0,0,0,0,0,0,0,0,0,0,0,0,0,0,0,0,0,0,0,0,0,0,0,0,0,0,0,0,0,0,0,0,0,0,0,0,0,0,0,0,0,0,0,0,0,0,0,0,0,0,0,0,0,0,0
Atlanta GA,30,25,18,17,18,15,19,22,14,22,20,21,27,23,28,25,30,10,26,19,27,23,23,24,25,20,7,22,30,19,20,29,22,20,20,20,26,26,25,22,9,17,21,37,28,21,13,12,11,21,25,20,22,27,23,23,41,29,24
Aube,0,0,0,0,0,0,0,0,0,0,0,0,0,0,0,0,0,0,0,0,0,0,0,0,0,0,0,0,0,0,0,0,0,0,0,0,0,0,0,0,0,0,0,0,0,0,0,0,0,0,0,0,0,0,0,0,0,0,0
Aude,0,0,0,0,0,0,0,0,0,0,0,0,0,0,0,0,0,0,0,0,0,0,0,0,0,0,0,0,0,0,0,0,0,0,0,0,0,0,0,0,0,0,0,0,0,0,0,0,0,0,0,0,0,0,0,0,0,0,0
Augusta GA,36,19,27,20,15,23,36,36,19,29,45,53,27,28,61,17,41,20,84,29,56,31,67,33,16,32,13,22,66,19,26,25,38,39,38,25,12,27,30,24,21,22,25,0,23,56,15,14,18,54,53,34,52,31,40,40,40,35,32
Austin TX,31,32,18,8,14,14,6,13,11,7,12,13,10,18,20,9,22,7,27,20,10,15,17,15,22,23,5,22,30,10,16,21,21,19,22,25,18,14,15,22,10,18,23,16,28,18,10,10,6,15,23,18,14,28,11,24,32,21,23
Aveyron,0,0,0,0,0,0,0,0,0,0,0,0,0,0,0,0,0,0,0,0,0,0,0,0,0,0,0,0,0,0,0,0,0,0,0,0,0,0,0,0,0,0,0,0,0,0,0,0,0,0,0,0,0,0,0,0,0,0,0
Bakersfield CA,31,53,25,38,33,38,15,31,34,38,0,18,20,34,40,0,23,19,40,17,15,61,0,21,32,31,5,29,21,25,28,25,13,25,15,34,37,40,32,20,6,43,12,16,34,13,7,12,10,41,28,37,27,15,24,20,20,34,15
Baltimore MD,31,20,20,7,13,9,13,8,15,19,13,19,26,22,25,20,44,8,32,20,24,19,22,24,51,16,12,29,31,20,19,25,20,26,21,36,30,30,20,36,11,19,25,43,35,31,13,13,9,27,22,17,28,26,21,33,39,31,24
Bangor ME,0,0,0,0,0,0,0,0,0,0,0,0,0,0,0,0,0,0,0,0,0,0,0,0,0,0,0,0,0,0,0,0,0,0,0,0,0,0,0,0,0,0,0,0,0,0,0,0,0,0,0,0,0,0,0,0,0,0,0
Bas-Rhin,0,0,0,0,0,0,0,0,0,0,0,0,0,0,0,0,0,0,0,0,0,0,0,0,0,0,0,0,0,0,0,0,0,0,0,0,0,0,0,0,0,0,0,0,0,0,0,0,0,0,0,0,0,0,0,0,0,0,0
Baton Rouge LA,22,87,34,40,47,19,45,22,19,26,40,32,23,47,28,29,46,16,39,35,11,19,51,52,69,23,15,16,50,42,47,34,23,52,30,48,33,35,19,35,11,30,19,61,37,30,13,16,11,24,33,22,34,55,43,27,30,51,24
Beaumont-Port Arthur TX,0,0,0,52,42,0,0,0,52,41,0,0,40,0,57,59,46,12,38,63,29,29,30,0,29,43,10,27,0,22,100,55,47,27,54,26,32,68,70,41,11,46,22,45,75,40,13,25,21,25,27,54,51,69,18,40,72,39,42
Bend OR,0,0,0,0,0,0,0,0,0,0,0,0,0,0,0,0,0,0,0,0,0,0,0,0,0,0,0,0,0,0,0,0,0,0,0,0,0,0,0,0,0,0,0,0,0,0,0,0,0,0,0,0,0,0,0,0,0,0,0
"Billings, MT",0,0,0,0,0,0,0,0,0,0,0,0,0,0,0,0,0,0,0,0,0,0,0,0,0,0,0,0,0,0,0,0,0,0,0,0,0,0,0,0,0,0,0,0,0,0,0,0,0,0,0,0,0,0,0,0,0,0,0
Biloxi-Gulfport MS,64,0,51,0,0,34,34,46,75,43,43,40,66,70,41,34,100,13,39,69,48,100,35,100,100,32,21,60,44,0,22,31,52,31,41,45,37,63,25,47,12,33,35,49,34,40,15,14,17,28,0,49,43,58,36,29,65,28,59
Binghamton NY,56,58,0,0,40,29,26,100,37,40,26,24,59,57,36,57,86,20,42,35,29,29,0,0,32,89,10,29,42,41,49,50,100,74,44,30,100,0,51,42,17,57,27,0,51,0,20,29,24,42,0,60,0,67,67,33,41,59,98
Birmingham AL,21,23,22,16,27,14,11,17,12,15,13,12,20,16,31,23,33,10,35,21,21,24,29,12,28,20,9,9,49,33,17,36,27,29,26,27,21,23,32,25,10,36,25,36,30,25,18,13,13,25,27,23,26,27,25,28,35,43,32
Bluefield-Beckley-Oak Hill WV,0,0,0,0,0,0,0,0,0,0,0,0,0,0,0,0,0,0,0,0,0,0,0,0,0,0,0,0,0,0,0,0,0,0,0,0,0,0,0,0,0,0,0,0,0,0,0,0,0,0,0,0,0,0,0,0,0,0,0
Boise ID,31,42,15,22,22,9,12,15,12,25,20,12,11,12,21,47,35,7,16,13,19,0,11,22,22,22,7,31,39,9,13,11,21,25,15,16,18,20,29,24,6,20,16,38,13,10,6,8,10,14,22,22,16,24,22,19,34,22,24
Boston MA-Manchester NH,21,25,19,11,11,9,12,13,14,14,14,14,14,14,18,14,21,5,18,18,17,15,15,13,20,15,4,15,29,13,12,19,13,16,17,16,14,22,15,18,8,15,14,15,18,18,11,8,9,19,23,15,14,13,11,23,27,23,21
Bouches-du-Rhone,0,0,0,0,0,0,0,0,0,0,0,0,0,0,0,0,0,0,0,0,0,0,0,0,0,0,0,0,0,0,0,0,0,0,0,0,0,0,0,0,0,0,0,0,0,0,0,0,0,0,0,0,0,0,0,0,0,0,0
Bowling Green KY,26,36,26,17,22,14,0,58,50,0,49,48,27,28,35,92,0,0,100,52,0,65,50,0,52,48,15,44,71,44,0,100,37,98,46,48,59,100,0,49,0,0,41,53,54,0,24,46,19,44,46,100,0,52,33,100,95,72,51
Buffalo NY,22,31,11,11,16,10,5,11,13,16,18,22,35,17,13,17,27,6,19,26,15,28,20,25,27,21,5,17,22,10,16,16,24,13,27,23,24,23,22,26,7,13,18,12,25,23,7,6,8,17,8,18,10,22,11,31,21,17,14
Burlington VT-Plattsburgh NY,31,35,24,0,12,0,14,20,9,16,11,0,32,11,20,16,23,7,0,13,22,11,23,23,23,22,7,16,24,17,17,36,22,18,11,24,14,29,9,22,5,16,18,36,29,19,11,11,7,14,27,14,16,23,0,23,30,32,12
Butte-Bozeman MT,0,0,0,0,0,0,0,0,0,0,0,0,0,0,0,0,0,0,0,0,0,0,0,0,0,0,0,0,0,0,0,0,0,0,0,0,0,0,0,0,0,0,0,0,0,0,0,0,0,0,0,0,0,0,0,0,0,0,0
Calvados,0,0,0,0,0,0,0,0,0,0,0,0,0,0,0,0,0,0,0,0,0,0,0,0,0,0,0,0,0,0,0,0,0,0,0,0,0,0,0,0,0,0,0,0,0,0,0,0,0,0,0,0,0,0,0,0,0,0,0
Cantal,0,0,0,0,0,0,0,0,0,0,0,0,0,0,0,0,0,0,0,0,0,0,0,0,0,0,0,0,0,0,0,0,0,0,0,0,0,0,0,0,0,0,0,0,0,0,0,0,0,0,0,0,0,0,0,0,0,0,0
Casper-Riverton WY,0,0,0,0,0,0,0,0,0,0,0,0,0,0,0,0,0,0,0,0,0,0,0,0,0,0,0,0,0,0,0,0,0,0,0,0,0,0,0,0,0,0,0,0,0,0,0,0,0,0,0,0,0,0,0,0,0,0,0
Cedar Rapids-Waterloo-Iowa City & Dubuque IA,31,17,0,9,23,17,25,22,11,9,10,19,14,26,34,14,33,9,15,18,35,20,21,33,16,16,3,15,57,26,14,17,18,24,20,27,25,25,33,47,9,19,28,24,35,19,18,13,6,30,21,28,15,23,11,11,37,15,11
Champaign & Springfield-Decatur IL,31,61,15,22,15,17,30,13,19,32,26,21,17,29,33,24,24,6,0,16,31,25,30,17,17,37,7,29,21,27,22,41,38,28,31,31,20,28,30,42,14,30,29,12,16,22,12,12,6,23,16,43,32,48,15,23,14,34,28
Charente,0,0,0,0,0,0,0,0,0,0,0,0,0,0,0,0,0,0,0,0,0,0,0,0,0,0,0,0,0,0,0,0,0,0,0,0,0,0,0,0,0,0,0,0,0,0,0,0,0,0,0,0,0,0,0,0,0,0,0
Charente-Maritime,0,0,0,0,0,0,0,0,0,0,0,0,0,0,0,0,0,0,0,0,0,0,0,0,0,0,0,0,0,0,0,0,0,0,0,0,0,0,0,0,0,0,0,0,0,0,0,0,0,0,0,0,0,0,0,0,0,0,0
Charleston SC,56,47,25,12,25,28,18,26,13,29,25,13,19,10,21,11,47,12,19,19,25,25,32,32,21,20,7,28,28,24,14,38,16,25,38,28,18,10,16,24,8,12,23,62,33,51,24,17,15,24,14,23,14,19,9,22,20,32,26
Charleston-Huntington WV,45,21,29,23,28,15,41,48,21,24,33,10,18,38,20,13,46,13,17,14,21,12,13,13,0,38,4,36,49,11,9,43,21,25,12,15,23,28,26,19,5,52,40,20,13,27,14,9,18,15,51,29,23,31,20,29,53,62,12
Charlotte NC,35,29,20,21,16,14,23,22,18,19,23,20,27,19,25,17,34,10,28,22,23,25,18,26,21,20,6,22,28,20,20,33,23,16,25,22,22,20,20,25,6,19,18,27,23,22,15,8,12,18,18,18,19,23,18,21,35,28,22
Charlottesville VA,0,44,33,25,33,0,0,31,23,24,19,26,42,21,25,20,0,19,31,39,32,0,22,24,48,45,0,20,33,22,27,36,21,27,30,33,27,32,27,32,14,32,0,39,66,28,15,16,13,0,32,0,0,39,100,38,0,31,51
Chattanooga TN,23,25,44,13,16,0,11,33,27,22,12,12,16,18,33,12,18,7,22,12,27,0,28,19,17,44,11,21,16,18,12,29,26,14,26,24,17,27,18,22,9,21,28,28,17,16,15,10,13,20,20,13,21,27,14,14,14,20,14
Cher,0,0,0,0,0,0,0,0,0,0,0,0,0,0,0,0,0,0,0,0,0,0,0,0,0,0,0,0,0,0,0,0,0,0,0,0,0,0,0,0,0,0,0,0,0,0,0,0,0,0,0,0,0,0,0,0,0,0,0
Cheyenne WY-Scottsbluff NE,0,0,0,0,0,0,0,0,0,0,0,0,0,0,0,0,0,0,0,0,0,0,0,0,0,0,0,0,0,0,0,0,0,0,0,0,0,0,0,0,0,0,0,0,0,0,0,0,0,0,0,0,0,0,0,0,0,0,0
Chicago IL,28,22,22,8,14,11,12,15,15,16,15,17,16,19,23,17,29,7,20,17,17,14,19,19,24,17,8,15,29,15,14,21,16,20,23,22,20,23,15,22,10,17,18,25,24,19,13,11,10,17,18,14,20,21,14,22,30,23,16
Chico-Redding CA,52,42,60,22,27,21,0,28,22,76,24,49,42,22,25,32,0,9,0,47,31,0,29,43,22,31,7,0,29,0,0,21,17,31,20,60,17,84,26,20,8,36,25,22,23,27,31,10,24,58,20,50,20,22,0,44,42,35,0
Cincinnati OH,26,26,16,16,10,15,18,9,12,15,13,16,20,16,11,14,29,7,11,20,24,21,36,14,30,21,6,22,33,20,17,23,26,24,31,14,18,20,14,33,6,14,16,20,24,21,13,12,8,17,26,17,16,24,10,22,29,27,24
Clarksburg-Weston WV,0,0,0,0,0,0,0,0,0,0,0,0,0,0,0,0,0,0,0,0,0,0,0,0,0,0,0,0,0,0,0,0,0,0,0,0,0,0,0,0,0,0,0,0,0,0,0,0,0,0,0,0,0,0,0,0,0,0,0
Cleveland-Akron (Canton) OH,17,28,20,13,11,10,10,15,9,15,12,10,16,15,25,13,28,7,27,18,20,12,19,18,20,13,8,17,36,20,18,22,20,16,23,18,25,19,24,18,10,18,22,28,29,28,15,13,10,21,31,16,21,30,17,34,25,28,18
Colorado Springs-Pueblo CO,36,28,14,10,12,14,43,12,10,33,11,10,19,21,30,39,15,4,38,16,25,10,27,10,25,14,8,22,13,16,20,38,24,19,19,23,11,13,19,28,4,13,14,20,24,29,8,7,9,21,18,10,17,14,15,30,24,15,39
Columbia SC,33,44,38,19,24,33,15,17,14,17,28,27,30,23,47,14,55,10,24,26,31,25,41,14,35,43,10,24,38,41,34,36,30,17,39,26,32,47,22,27,22,36,22,39,41,58,19,22,12,24,21,25,30,37,15,43,45,36,13
Columbia-Jefferson City MO,54,0,27,0,25,47,0,49,14,0,19,20,64,32,26,21,52,13,30,24,0,31,22,45,23,21,7,19,48,20,18,34,26,21,72,42,84,21,30,21,23,19,57,24,36,38,18,11,9,0,44,27,43,95,16,45,29,21,46
Columbus GA,56,0,26,28,61,23,33,21,34,0,19,38,37,63,38,18,44,13,63,29,18,27,57,20,38,0,12,17,36,55,14,38,20,47,30,54,49,27,20,36,22,32,25,49,32,31,13,26,25,33,35,21,18,38,49,84,53,68,0
Columbus OH,13,11,24,10,14,8,6,16,20,16,10,15,28,21,29,18,36,5,22,20,21,23,24,14,23,14,6,4,46,17,16,23,14,20,16,14,20,15,18,15,11,19,14,30,24,25,15,6,10,21,23,20,18,21,5,22,27,23,23
Columbus-Tupelo-West Point MS,60,0,46,37,48,0,41,0,0,43,60,64,33,30,40,43,51,30,93,34,60,31,48,34,33,0,21,30,49,57,34,32,25,31,49,52,24,45,39,0,13,43,90,0,100,100,16,31,17,29,31,26,100,36,0,33,84,36,33
Corpus Christi TX,46,0,70,25,32,24,0,0,0,25,0,25,30,0,65,0,29,8,24,30,19,25,47,33,20,38,9,26,43,30,13,40,24,37,18,37,22,0,39,31,7,30,22,40,30,17,9,9,11,26,36,15,53,37,0,19,41,27,49
Correze,0,0,0,0,0,0,0,0,0,0,0,0,0,0,0,0,0,0,0,0,0,0,0,0,0,0,0,0,0,0,0,0,0,0,0,0,0,0,0,0,0,0,0,0,0,0,0,0,0,0,0,0,0,0,0,0,0,0,0
Corse-du-Sud,0,0,0,0,0,0,0,0,0,0,0,0,0,0,0,0,0,0,0,0,0,0,0,0,0,0,0,0,0,0,0,0,0,0,0,0,0,0,0,0,0,0,0,0,0,0,0,0,0,0,0,0,0,0,0,0,0,0,0
Cotes-d'Armor,0,0,0,0,0,0,0,0,0,0,0,0,0,0,0,0,0,0,0,0,0,0,0,0,0,0,0,0,0,0,0,0,0,0,0,0,0,0,0,0,0,0,0,0,0,0,0,0,0,0,0,0,0,0,0,0,0,0,0
Creuse,0,0,0,0,0,0,0,0,0,0,0,0,0,0,0,0,0,0,0,0,0,0,0,0,0,0,0,0,0,0,0,0,0,0,0,0,0,0,0,0,0,0,0,0,0,0,0,0,0,0,0,0,0,0,0,0,0,0,0
Côte-d'Or,0,0,0,0,0,0,0,0,0,0,0,0,0,0,0,0,0,0,0,0,0,0,0,0,0,0,0,0,0,0,0,0,0,0,0,0,0,0,0,0,0,0,0,0,0,0,0,0,0,0,0,0,0,0,0,0,0,0,0
Dallas-Ft. Worth TX,22,20,15,11,14,7,7,13,10,15,15,17,18,18,19,14,27,8,22,17,20,18,17,20,19,14,7,15,27,13,12,21,13,18,19,21,20,24,13,21,8,17,19,25,21,19,13,10,10,21,17,19,19,20,17,24,27,23,22
Davenport IA-Rock Island-Moline IL,22,24,17,13,15,12,19,17,13,20,29,21,28,23,48,28,52,8,20,16,29,14,30,30,15,22,7,42,42,19,34,15,31,29,37,14,17,30,16,15,8,13,33,24,32,30,9,10,9,22,35,35,20,31,19,37,38,28,23
Dayton OH,26,19,27,10,13,9,9,18,14,14,27,19,26,9,18,24,33,13,23,23,20,26,24,18,23,22,4,16,13,18,20,30,12,20,37,14,41,18,21,18,6,26,24,39,39,25,17,12,4,24,8,27,16,23,17,26,34,25,26
Denver CO,14,14,14,9,13,8,5,12,13,13,11,8,11,12,18,14,17,6,13,17,14,11,10,15,10,10,7,13,16,10,9,19,14,20,20,11,18,20,13,21,6,10,17,20,14,18,10,7,8,17,26,14,19,20,13,21,28,23,12
Des Moines-Ames IA,33,15,17,16,19,18,16,18,7,0,13,22,13,29,16,21,29,6,23,18,10,13,16,28,32,28,13,18,23,12,12,22,8,23,22,25,18,20,11,24,13,18,18,36,26,33,17,10,17,17,23,15,19,18,6,25,49,25,29
Detroit MI,29,36,20,14,14,11,11,17,14,18,20,21,25,20,30,25,38,8,29,26,16,25,25,24,24,22,8,24,26,19,17,23,22,29,26,26,22,28,16,23,10,17,20,30,32,23,15,11,10,30,21,20,12,21,17,29,44,32,20
Deux-Sevres,0,0,0,0,0,0,0,0,0,0,0,0,0,0,0,0,0,0,0,0,0,0,0,0,0,0,0,0,0,0,0,0,0,0,0,0,0,0,0,0,0,0,0,0,0,0,0,0,0,0,0,0,0,0,0,0,0,0,0
Dordogne,0,0,0,0,0,0,0,0,0,0,0,0,0,0,0,0,0,0,0,0,0,0,0,0,0,0,0,0,0,0,0,0,0,0,0,0,0,0,0,0,0,0,0,0,0,0,0,0,0,0,0,0,0,0,0,0,0,0,0
Dothan AL,0,0,0,0,0,0,79,0,0,80,0,97,70,49,100,0,74,19,61,100,94,46,96,49,71,47,31,0,64,56,0,46,62,92,45,66,74,49,0,48,0,39,37,100,0,43,23,0,18,0,46,38,45,47,30,93,61,67,73
Doubs,0,0,0,0,0,0,0,0,0,0,0,0,0,0,0,0,0,0,0,0,0,0,0,0,0,0,0,0,0,0,0,0,0,0,0,0,0,0,0,0,0,0,0,0,0,0,0,0,0,0,0,0,0,0,0,0,0,0,0
Drôme,0,0,0,0,0,0,0,0,0,0,0,0,0,0,0,0,0,0,0,0,0,0,0,0,0,0,0,0,0,0,0,0,0,0,0,0,0,0,0,0,0,0,0,0,0,0,0,0,0,0,0,0,0,0,0,0,0,0,0
Duluth MN-Superior WI,0,0,0,0,0,0,0,0,0,0,0,0,0,0,0,0,0,0,0,0,0,0,0,0,0,0,0,0,0,0,0,0,0,0,0,0,0,0,0,0,0,0,0,0,0,0,0,0,0,0,0,0,0,0,0,0,0,0,0
El Paso TX,0,28,20,29,24,12,10,12,0,11,29,29,32,15,30,32,16,4,42,12,21,24,22,18,22,20,10,31,35,31,7,19,21,13,15,19,21,20,22,43,16,25,32,53,18,31,13,14,11,32,14,16,28,35,6,12,24,22,33
Elmira NY,0,0,0,0,0,0,0,0,0,0,0,0,0,0,0,0,0,0,0,0,0,0,0,0,0,0,0,0,0,0,0,0,0,0,0,0,0,0,0,0,0,0,0,0,0,0,0,0,0,0,0,0,0,0,0,0,0,0,0
Erie PA,45,0,100,24,31,0,0,32,72,53,53,25,26,40,42,39,63,12,0,42,27,0,28,56,29,0,14,0,79,25,52,73,34,0,53,79,44,28,69,54,11,25,23,93,30,24,27,13,21,38,0,0,26,0,0,46,0,62,27
Essonne,0,0,0,0,0,0,0,0,0,0,0,0,0,0,0,0,0,0,0,0,0,0,0,0,0,0,0,0,0,0,0,0,0,0,0,0,0,0,0,0,0,0,0,0,0,0,0,0,0,0,0,0,0,0,0,0,0,0,0
Eugene OR,61,0,0,29,0,13,0,35,21,28,30,15,20,29,27,14,31,6,20,35,23,13,50,26,44,56,14,13,20,12,26,31,18,28,55,34,22,19,19,0,8,37,18,26,35,32,7,11,6,18,15,27,20,22,20,43,35,34,15
Eure,0,0,0,0,0,0,0,0,0,0,0,0,0,0,0,0,0,0,0,0,0,0,0,0,0,0,0,0,0,0,0,0,0,0,0,0,0,0,0,0,0,0,0,0,0,0,0,0,0,0,0,0,0,0,0,0,0,0,0
Eure-et-Loir,0,0,0,0,0,0,0,0,0,0,0,0,0,0,0,0,0,0,0,0,0,0,0,0,0,0,0,0,0,0,0,0,0,0,0,0,0,0,0,0,0,0,0,0,0,0,0,0,0,0,0,0,0,0,0,0,0,0,0
Eureka CA,0,0,97,0,0,66,0,0,0,61,0,59,64,69,78,64,0,0,89,73,0,58,64,66,0,62,0,58,92,0,0,0,51,63,0,0,49,63,0,94,100,0,100,0,68,56,0,0,100,59,61,51,0,67,0,0,0,66,0
Evansville IN,33,35,50,37,0,19,18,0,18,0,21,19,34,27,43,44,37,11,23,28,51,34,35,35,18,52,14,16,42,25,26,34,21,23,32,16,26,33,14,25,20,44,18,53,55,44,11,12,14,36,46,30,16,17,11,16,31,32,48
Fairbanks AK,0,0,0,0,0,0,0,0,0,0,0,0,0,0,0,0,0,0,0,0,0,0,0,0,0,0,0,0,0,0,0,0,0,0,0,0,0,0,0,0,0,0,0,0,0,0,0,0,0,0,0,0,0,0,0,0,0,0,0
Fargo-Valley City ND,41,60,42,16,38,30,15,19,30,16,16,20,48,0,20,64,27,0,23,28,16,0,33,45,51,0,5,30,24,22,30,40,20,49,38,30,33,25,20,21,7,15,21,18,24,28,18,20,18,30,16,25,16,0,22,39,35,31,0
Finistere,0,0,0,0,0,0,0,0,0,0,0,0,0,0,0,0,0,0,0,0,0,0,0,0,0,0,0,0,0,0,0,0,0,0,0,0,0,0,0,0,0,0,0,0,0,0,0,0,0,0,0,0,0,0,0,0,0,0,0
Flint-Saginaw-Bay City MI,36,39,28,11,22,10,9,21,19,28,21,27,19,10,25,15,16,6,20,23,13,16,37,15,10,20,8,33,28,23,22,18,13,25,38,41,28,33,16,26,16,14,35,43,32,31,23,17,15,36,33,15,18,20,26,20,67,19,19
Florence-Myrtle Beach SC,32,47,9,23,32,18,18,30,12,20,26,16,33,15,17,32,21,10,37,30,19,30,14,34,44,56,9,12,46,19,13,35,26,19,26,33,49,20,21,13,8,10,34,46,37,15,11,22,19,30,36,10,23,37,11,41,54,36,20
Fresno-Visalia CA,34,33,19,11,11,13,8,21,13,27,12,13,9,8,12,6,17,2,15,15,14,18,12,19,15,20,2,11,19,7,21,17,7,17,13,20,9,21,14,30,8,13,12,21,16,25,5,8,9,10,11,5,26,17,13,9,34,14,18
Ft. Myers-Naples FL,15,0,11,9,11,0,21,17,14,15,15,16,15,17,17,17,20,8,31,26,12,28,15,18,7,17,4,20,29,10,12,31,13,15,14,11,9,11,7,12,15,11,17,17,23,26,8,8,6,14,24,14,7,8,12,15,20,12,18
Ft. Smith-Fayetteville-Springdale-Rogers AR,36,25,0,41,0,17,12,26,23,0,13,25,21,13,16,13,39,9,34,22,16,17,25,13,37,12,4,22,35,22,22,12,16,23,17,23,19,24,24,30,10,26,17,13,27,31,6,13,9,25,11,15,22,25,16,24,23,23,36
Ft. Wayne IN,31,0,75,0,22,0,14,35,13,80,17,25,26,34,27,17,38,11,33,29,32,39,32,41,49,16,10,22,30,35,12,32,19,23,33,14,12,38,29,37,6,41,22,17,17,27,17,14,19,19,22,12,36,40,15,22,40,35,15
Gainesville FL,31,0,38,69,25,42,0,44,32,28,20,27,20,32,58,41,36,9,30,24,40,40,44,24,53,20,14,39,51,30,26,45,17,41,29,35,26,22,48,22,14,30,48,25,23,19,16,12,9,20,44,18,47,50,0,30,28,21,45
Gard,0,0,0,0,0,0,0,0,0,0,0,0,0,0,0,0,0,0,0,0,0,0,0,0,0,0,0,0,0,0,0,0,0,0,0,0,0,0,0,0,0,0,0,0,0,0,0,0,0,0,0,0,0,0,0,0,0,0,0
Gers,0,0,0,0,0,0,0,0,0,0,0,0,0,0,0,0,0,0,0,0,0,0,0,0,0,0,0,0,0,0,0,0,0,0,0,0,0,0,0,0,0,0,0,0,0,0,0,0,0,0,0,0,0,0,0,0,0,0,0
Gironde,0,0,0,0,0,0,0,0,0,0,0,0,0,0,0,0,0,0,0,0,0,0,0,0,0,0,0,0,0,0,0,0,0,0,0,0,0,0,0,0,0,0,0,0,0,0,0,0,0,0,0,0,0,0,0,0,0,0,0
Glendive MT,0,0,0,0,0,0,0,0,0,0,0,0,0,0,0,0,0,0,0,0,0,0,0,0,0,0,0,0,0,0,0,0,0,0,0,0,0,0,0,0,0,0,0,0,0,0,0,0,0,0,0,0,0,0,0,0,0,0,0
Grand Junction-Montrose CO,0,0,0,0,0,0,0,0,0,0,0,0,0,0,0,0,0,0,0,0,0,0,0,0,0,0,0,0,0,0,0,0,0,0,0,0,0,0,0,0,0,0,0,0,0,0,0,0,0,0,0,0,0,0,0,0,0,0,0
Grand Rapids-Kalamazoo-Battle Creek MI,31,10,15,9,7,11,14,10,10,19,22,23,21,17,15,19,24,14,19,16,14,21,19,19,27,10,9,18,26,13,11,26,27,21,32,32,27,23,10,25,7,17,23,27,20,34,15,20,10,30,17,23,13,20,15,17,37,30,19
Great Falls MT,0,0,0,0,0,0,0,0,0,0,0,0,0,0,0,0,0,0,0,0,0,0,0,0,0,0,0,0,0,0,0,0,0,0,0,0,0,0,0,0,0,0,0,0,0,0,0,0,0,0,0,0,0,0,0,0,0,0,0
Green Bay-Appleton WI,22,27,25,19,12,9,8,17,9,24,13,23,18,14,12,28,29,4,12,21,9,0,10,28,24,0,8,44,20,12,12,14,13,32,12,14,17,19,18,21,13,16,18,20,27,23,10,7,10,17,22,12,20,9,14,32,19,17,33
Greensboro-High Point-Winston Salem NC,52,47,0,13,20,7,13,23,16,15,18,15,24,17,26,26,27,14,33,33,25,23,36,27,22,11,9,25,38,28,20,29,21,35,37,32,29,24,15,33,7,13,37,34,30,24,14,14,12,38,18,15,29,26,24,32,45,26,19
Greenville-New Bern-Washington NC,26,41,37,14,14,17,17,11,20,23,28,25,19,20,38,34,41,11,13,45,28,21,22,29,44,27,12,30,50,31,22,41,27,31,60,29,44,41,21,27,14,40,20,33,30,18,20,17,10,25,59,41,39,18,15,43,100,26,35
Greenville-Spartanburg SC-Asheville NC-Anderson SC,26,19,14,18,6,8,9,15,20,18,10,21,13,20,17,31,19,9,26,11,21,10,16,18,13,9,4,19,25,14,20,25,14,18,25,22,12,16,19,16,13,19,14,17,30,17,11,12,10,16,10,11,20,29,11,23,32,20,24
Greenwood-Greenville MS,0,0,0,0,0,0,0,0,0,0,0,0,0,0,0,0,0,0,0,0,0,0,0,0,0,0,0,0,0,0,0,0,0,0,0,0,0,0,0,0,0,0,0,0,0,0,0,0,0,0,0,0,0,0,0,0,0,0,0
Harlingen-Weslaco-Brownsville-McAllen TX,29,16,11,12,9,7,0,0,39,18,20,19,8,9,55,9,13,5,34,23,18,18,19,18,14,23,3,8,25,12,6,12,12,42,17,38,14,13,19,21,5,17,18,19,28,20,8,14,13,19,16,13,19,12,10,22,20,29,20
Harrisburg-Lancaster-Lebanon-York PA,18,33,17,8,13,6,14,26,15,17,14,11,7,13,24,20,29,5,13,11,22,15,21,29,18,21,3,24,17,13,6,25,21,13,23,24,20,17,21,15,7,18,11,25,24,27,11,14,9,17,45,19,21,18,18,20,22,11,15
Harrisonburg VA,0,0,0,0,0,0,0,0,0,0,0,0,0,0,0,0,0,0,0,0,0,0,0,0,0,0,0,0,0,0,0,0,0,0,0,0,0,0,0,0,0,0,0,0,0,0,0,0,0,0,0,0,0,0,0,0,0,0,0
Hartford & New Haven CT,20,14,10,11,6,9,9,13,9,15,9,8,21,13,18,11,19,9,20,19,11,20,20,12,24,6,5,11,28,13,15,24,14,15,24,23,18,20,17,26,8,16,15,31,19,13,9,8,8,21,15,22,19,27,13,13,31,21,20
Hattiesburg-Laurel MS,62,0,61,71,100,0,68,0,0,0,32,34,28,50,44,58,61,12,38,47,46,43,29,32,33,29,9,54,57,33,19,51,53,29,39,45,37,0,100,48,19,41,39,52,0,85,24,56,19,66,47,57,93,100,32,48,62,45,100
Haut-Rhin,0,0,0,0,0,0,0,0,0,0,0,0,0,0,0,0,0,0,0,0,0,0,0,0,0,0,0,0,0,0,0,0,0,0,0,0,0,0,0,0,0,0,0,0,0,0,0,0,0,0,0,0,0,0,0,0,0,0,0
Haute-Corse,0,0,0,0,0,0,0,0,0,0,0,0,0,0,0,0,0,0,0,0,0,0,0,0,0,0,0,0,0,0,0,0,0,0,0,0,0,0,0,0,0,0,0,0,0,0,0,0,0,0,0,0,0,0,0,0,0,0,0
Haute-Garonne,0,0,0,0,0,0,0,0,0,0,0,0,0,0,0,0,0,0,0,0,0,0,0,0,0,0,0,0,0,0,0,0,0,0,0,0,0,0,0,0,0,0,0,0,0,0,0,0,0,0,0,0,0,0,0,0,0,0,0
Haute-Loire,0,0,0,0,0,0,0,0,0,0,0,0,0,0,0,0,0,0,0,0,0,0,0,0,0,0,0,0,0,0,0,0,0,0,0,0,0,0,0,0,0,0,0,0,0,0,0,0,0,0,0,0,0,0,0,0,0,0,0
Haute-Marne,0,0,0,0,0,0,0,0,0,0,0,0,0,0,0,0,0,0,0,0,0,0,0,0,0,0,0,0,0,0,0,0,0,0,0,0,0,0,0,0,0,0,0,0,0,0,0,0,0,0,0,0,0,0,0,0,0,0,0
Haute-Savoie,0,0,0,0,0,0,0,0,0,0,0,0,0,0,0,0,0,0,0,0,0,0,0,0,0,0,0,0,0,0,0,0,0,0,0,0,0,0,0,0,0,0,0,0,0,0,0,0,0,0,0,0,0,0,0,0,0,0,0
Haute-Saône,0,0,0,0,0,0,0,0,0,0,0,0,0,0,0,0,0,0,0,0,0,0,0,0,0,0,0,0,0,0,0,0,0,0,0,0,0,0,0,0,0,0,0,0,0,0,0,0,0,0,0,0,0,0,0,0,0,0,0
Haute-Vienne,0,0,0,0,0,0,0,0,0,0,0,0,0,0,0,0,0,0,0,0,0,0,0,0,0,0,0,0,0,0,0,0,0,0,0,0,0,0,0,0,0,0,0,0,0,0,0,0,0,0,0,0,0,0,0,0,0,0,0
Hautes-Alpes,0,0,0,0,0,0,0,0,0,0,0,0,0,0,0,0,0,0,0,0,0,0,0,0,0,0,0,0,0,0,0,0,0,0,0,0,0,0,0,0,0,0,0,0,0,0,0,0,0,0,0,0,0,0,0,0,0,0,0
Hautes-Pyrénées,0,0,0,0,0,0,0,0,0,0,0,0,0,0,0,0,0,0,0,0,0,0,0,0,0,0,0,0,0,0,0,0,0,0,0,0,0,0,0,0,0,0,0,0,0,0,0,0,0,0,0,0,0,0,0,0,0,0,0
Hauts-de-Seine,0,0,0,0,0,0,0,0,0,0,0,0,0,0,0,0,0,0,0,0,0,0,0,0,0,0,0,0,0,0,0,0,0,0,0,0,0,0,0,0,0,0,0,0,0,0,0,0,0,0,0,0,0,0,0,0,0,0,0
Helena MT,0,0,0,0,0,0,0,0,0,0,0,0,0,0,0,0,0,0,0,0,0,0,0,0,0,0,0,0,0,0,0,0,0,0,0,0,0,0,0,0,0,0,0,0,0,0,0,0,0,0,0,0,0,0,0,0,0,0,0
Honolulu HI,24,26,20,8,13,8,5,6,9,12,6,18,18,12,12,12,9,4,22,13,12,8,12,10,9,6,4,8,14,24,16,27,15,12,10,12,10,15,16,19,3,11,7,34,11,10,6,9,4,10,16,14,18,27,15,9,30,25,22
Houston TX,22,27,19,14,12,14,14,21,16,21,18,17,17,19,20,16,28,6,27,18,19,18,17,17,25,16,8,16,29,20,19,30,14,21,24,26,22,19,20,22,10,21,22,26,24,19,12,11,11,22,23,18,20,27,19,24,40,24,21
Huntsville-Decatur (Florence) AL,88,37,45,13,0,30,10,26,10,17,26,36,49,23,34,22,54,8,15,30,27,29,23,17,22,27,4,26,31,18,24,18,20,16,21,30,22,11,18,25,12,15,29,28,51,22,13,11,19,10,41,34,15,11,17,24,34,31,22
Hérault,0,0,0,0,0,0,0,0,0,0,0,0,0,0,0,0,0,0,0,0,0,0,0,0,0,0,0,0,0,0,0,0,0,0,0,0,0,0,0,0,0,0,0,0,0,0,0,0,0,0,0,0,0,0,0,0,0,0,0
Idaho Falls-Pocatello ID,0,0,0,0,0,0,0,0,0,0,0,0,0,0,0,0,0,0,0,0,0,0,0,0,0,0,0,0,0,0,0,0,0,0,0,0,0,0,0,0,0,0,0,0,0,0,0,0,0,0,0,0,0,0,0,0,0,0,0
Ille-et-Vilaine,0,0,0,0,0,0,0,0,0,0,0,0,0,0,0,0,0,0,0,0,0,0,0,0,0,0,0,0,0,0,0,0,0,0,0,0,0,0,0,0,0,0,0,0,0,0,0,0,0,0,0,0,0,0,0,0,0,0,0
Indianapolis IN,40,17,13,11,16,13,7,23,13,16,21,18,21,18,20,17,38,9,41,14,27,25,17,21,31,16,12,22,28,14,18,24,16,24,25,22,23,30,24,25,9,17,22,15,24,28,12,15,9,21,31,23,18,24,18,20,39,34,32
Indre,0,0,0,0,0,0,0,0,0,0,0,0,0,0,0,0,0,0,0,0,0,0,0,0,0,0,0,0,0,0,0,0,0,0,0,0,0,0,0,0,0,0,0,0,0,0,0,0,0,0,0,0,0,0,0,0,0,0,0
Indre-et-Loire,0,0,0,0,0,0,0,0,0,0,0,0,0,0,0,0,0,0,0,0,0,0,0,0,0,0,0,0,0,0,0,0,0,0,0,0,0,0,0,0,0,0,0,0,0,0,0,0,0,0,0,0,0,0,0,0,0,0,0
Isere,0,0,0,0,0,0,0,0,0,0,0,0,0,0,0,0,0,0,0,0,0,0,0,0,0,0,0,0,0,0,0,0,0,0,0,0,0,0,0,0,0,0,0,0,0,0,0,0,0,0,0,0,0,0,0,0,0,0,0
Jackson MS,63,33,24,18,63,15,27,64,13,41,16,20,33,13,78,26,41,16,34,24,58,39,32,36,27,27,9,39,20,27,28,14,31,48,62,34,43,40,55,20,15,36,45,56,42,34,6,21,15,25,51,35,23,36,23,43,52,42,31
Jackson TN,0,0,0,0,0,0,0,0,0,0,0,0,0,0,0,0,0,0,0,0,0,0,0,0,0,0,0,0,0,0,0,0,0,0,0,0,0,0,0,0,0,0,0,0,0,0,0,0,0,0,0,0,0,0,0,0,0,0,0
Jacksonville FL,26,28,15,38,10,15,13,15,12,13,12,14,32,27,22,19,38,8,29,33,16,29,22,14,40,26,4,27,29,20,19,35,16,32,28,19,17,32,27,25,10,24,33,16,23,23,16,16,11,30,14,33,16,33,26,25,31,20,25
Johnstown-Altoona PA,28,0,0,0,0,16,0,0,28,31,30,0,13,17,33,27,23,10,0,22,26,13,18,24,37,14,5,0,66,14,12,31,39,13,19,39,17,18,18,13,14,26,19,15,36,18,18,12,15,18,43,25,13,14,18,33,69,40,33
Jonesboro AR,0,0,0,0,0,0,0,0,0,0,0,0,0,0,0,0,0,0,0,0,0,0,0,0,0,0,0,0,0,0,0,0,0,0,0,0,0,0,0,0,0,0,0,0,0,0,0,0,0,0,0,0,0,0,0,0,0,0,0
Joplin MO-Pittsburg KS,0,0,0,0,0,0,0,0,0,0,0,0,0,0,0,0,0,0,0,0,0,0,0,0,0,0,0,0,0,0,0,0,0,0,0,0,0,0,0,0,0,0,0,0,0,0,0,0,0,0,0,0,0,0,0,0,0,0,0
Juneau AK,0,0,0,0,0,0,0,0,0,0,0,0,0,0,0,0,0,0,0,0,0,0,0,0,0,0,0,0,0,0,0,0,0,0,0,0,0,0,0,0,0,0,0,0,0,0,0,0,0,0,0,0,0,0,0,0,0,0,0
Jura,0,0,0,0,0,0,0,0,0,0,0,0,0,0,0,0,0,0,0,0,0,0,0,0,0,0,0,0,0,0,0,0,0,0,0,0,0,0,0,0,0,0,0,0,0,0,0,0,0,0,0,0,0,0,0,0,0,0,0
Kansas City MO,32,20,25,16,16,12,5,11,8,12,9,10,18,11,17,14,27,8,26,9,14,16,14,14,25,8,7,12,38,15,18,30,21,24,28,27,18,31,21,16,8,20,19,18,27,25,10,11,9,18,33,19,11,27,15,21,29,31,18
Knoxville TN,15,42,24,22,22,13,16,11,18,24,25,9,12,16,28,10,12,6,14,22,11,13,18,8,20,31,8,14,18,19,13,33,20,26,24,43,27,18,14,23,12,19,21,27,16,17,12,7,8,16,21,16,25,18,21,26,19,23,18
La Crosse-Eau Claire WI,30,24,17,19,46,13,14,18,14,30,15,22,18,36,45,18,29,17,64,22,18,34,18,37,39,0,9,17,53,17,24,40,24,55,48,36,37,47,26,37,8,52,25,65,51,16,0,9,7,18,18,29,26,40,50,27,32,36,77
Lafayette IN,0,0,0,0,0,0,0,0,0,0,0,0,0,0,0,0,0,0,0,0,0,0,0,0,0,0,0,0,0,0,0,0,0,0,0,0,0,0,0,0,0,0,0,0,0,0,0,0,0,0,0,0,0,0,0,0,0,0,0
Lafayette LA,74,41,56,21,25,0,0,54,17,30,31,19,39,35,0,21,46,16,0,42,30,40,21,20,62,41,7,39,43,50,30,46,17,0,39,48,24,21,25,31,24,34,27,22,67,54,20,23,16,56,60,68,29,62,13,48,62,45,21
Lake Charles LA,0,0,0,0,0,0,0,0,0,0,0,0,0,0,0,0,0,0,0,0,0,0,0,0,0,0,0,0,0,0,0,0,0,0,0,0,0,0,0,0,0,0,0,0,0,0,0,0,0,0,0,0,0,0,0,0,0,0,0
Landes,0,0,0,0,0,0,0,0,0,0,0,0,0,0,0,0,0,0,0,0,0,0,0,0,0,0,0,0,0,0,0,0,0,0,0,0,0,0,0,0,0,0,0,0,0,0,0,0,0,0,0,0,0,0,0,0,0,0,0
Lansing MI,0,0,21,16,0,17,16,33,20,49,100,17,0,14,28,31,45,0,30,28,14,13,28,14,57,33,13,25,42,25,26,21,23,44,44,13,22,32,23,55,10,13,37,16,31,24,9,13,10,51,27,30,35,15,20,30,36,35,21
Laredo TX,0,0,0,0,0,0,0,0,0,0,0,0,0,0,0,0,0,0,0,0,0,0,0,0,0,0,0,0,0,0,0,0,0,0,0,0,0,0,0,0,0,0,0,0,0,0,0,0,0,0,0,0,0,0,0,0,0,0,0
Las Vegas NV,29,15,15,15,15,6,8,10,11,13,15,17,11,14,21,6,13,5,27,9,14,11,17,21,20,16,4,18,25,9,12,24,15,14,27,14,13,25,18,31,8,11,16,17,32,16,6,12,7,24,16,13,28,13,18,28,33,31,15
Lexington KY,36,30,10,8,20,13,18,13,20,22,12,21,32,21,21,33,30,11,28,22,17,11,8,23,30,33,11,23,30,29,19,20,18,19,28,22,32,31,27,38,11,37,56,46,22,15,10,20,14,23,31,23,16,13,17,20,50,27,17
Lima OH,0,0,0,0,0,0,0,0,0,0,0,0,0,0,0,0,0,0,0,0,0,0,0,0,0,0,0,0,0,0,0,0,0,0,0,0,0,0,0,0,0,0,0,0,0,0,0,0,0,0,0,0,0,0,0,0,0,0,0
Lincoln & Hastings-Kearney NE,32,0,37,13,17,12,0,29,18,13,13,25,13,15,44,14,23,10,20,36,25,31,31,27,34,0,15,12,30,13,22,14,29,26,22,13,16,28,17,23,9,43,20,15,20,24,7,11,5,32,20,0,54,38,15,33,27,27,14
Little Rock-Pine Bluff AR,45,17,13,9,33,11,36,25,16,19,12,18,37,39,26,21,14,9,34,35,32,26,19,23,22,21,14,8,56,22,17,38,9,38,33,30,24,15,15,25,11,37,25,24,38,37,11,11,10,29,14,35,56,38,39,27,38,29,31
Loir-et-Cher,0,0,0,0,0,0,0,0,0,0,0,0,0,0,0,0,0,0,0,0,0,0,0,0,0,0,0,0,0,0,0,0,0,0,0,0,0,0,0,0,0,0,0,0,0,0,0,0,0,0,0,0,0,0,0,0,0,0,0
Loire,0,0,0,0,0,0,0,0,0,0,0,0,0,0,0,0,0,0,0,0,0,0,0,0,0,0,0,0,0,0,0,0,0,0,0,0,0,0,0,0,0,0,0,0,0,0,0,0,0,0,0,0,0,0,0,0,0,0,0
Loire-Atlantique,0,0,0,0,0,0,0,0,0,0,0,0,0,0,0,0,0,0,0,0,0,0,0,0,0,0,0,0,0,0,0,0,0,0,0,0,0,0,0,0,0,0,0,0,0,0,0,0,0,0,0,0,0,0,0,0,0,0,0
Loiret,0,0,0,0,0,0,0,0,0,0,0,0,0,0,0,0,0,0,0,0,0,0,0,0,0,0,0,0,0,0,0,0,0,0,0,0,0,0,0,0,0,0,0,0,0,0,0,0,0,0,0,0,0,0,0,0,0,0,0
Los Angeles CA,17,24,15,8,12,8,9,12,9,10,12,12,13,13,15,14,22,5,14,13,15,14,15,11,15,17,5,12,22,12,11,17,14,19,18,14,13,16,15,19,7,12,13,18,19,16,9,8,7,17,17,15,18,18,11,19,24,18,15
Lot,0,0,0,0,0,0,0,0,0,0,0,0,0,0,0,0,0,0,0,0,0,0,0,0,0,0,0,0,0,0,0,0,0,0,0,0,0,0,0,0,0,0,0,0,0,0,0,0,0,0,0,0,0,0,0,0,0,0,0
Lot-et-Garonne,0,0,0,0,0,0,0,0,0,0,0,0,0,0,0,0,0,0,0,0,0,0,0,0,0,0,0,0,0,0,0,0,0,0,0,0,0,0,0,0,0,0,0,0,0,0,0,0,0,0,0,0,0,0,0,0,0,0,0
Louisville KY,54,25,33,8,22,15,22,7,12,9,14,7,21,20,28,19,41,6,10,17,23,11,24,15,17,21,7,23,42,16,10,24,20,28,27,30,25,32,20,27,12,25,25,19,21,24,15,15,11,26,27,11,19,23,18,28,44,25,19
Lozère,0,0,0,0,0,0,0,0,0,0,0,0,0,0,0,0,0,0,0,0,0,0,0,0,0,0,0,0,0,0,0,0,0,0,0,0,0,0,0,0,0,0,0,0,0,0,0,0,0,0,0,0,0,0,0,0,0,0,0
Lubbock TX,0,47,34,24,31,25,22,0,20,46,24,26,23,46,67,29,36,14,0,52,21,21,46,24,24,0,0,0,100,31,19,49,49,29,37,45,19,23,39,56,9,41,39,38,49,49,17,11,15,21,33,18,22,76,16,23,38,28,57
Macon GA,63,65,23,34,39,0,15,30,39,38,19,37,25,28,30,16,51,28,69,26,26,35,28,38,28,26,7,21,29,20,15,33,15,48,18,35,24,19,45,24,21,30,44,38,52,16,26,25,10,33,43,43,52,18,40,29,31,47,0
Madison WI,28,16,29,13,12,9,15,18,10,10,10,17,20,20,29,11,21,8,37,24,14,20,21,9,18,14,8,19,20,10,14,27,16,20,23,31,11,20,21,22,11,20,19,47,32,21,15,7,10,12,25,24,23,21,14,22,21,27,41
Maine-et-Loire,0,0,0,0,0,0,0,0,0,0,0,0,0,0,0,0,0,0,0,0,0,0,0,0,0,0,0,0,0,0,0,0,0,0,0,0,0,0,0,0,0,0,0,0,0,0,0,0,0,0,0,0,0,0,0,0,0,0,0
Manche,0,0,0,0,0,0,0,0,0,0,0,0,0,0,0,0,0,0,0,0,0,0,0,0,0,0,0,0,0,0,0,0,0,0,0,0,0,0,0,0,0,0,0,0,0,0,0,0,0,0,0,0,0,0,0,0,0,0,0
Mankato MN,0,0,0,0,0,0,0,0,0,0,0,0,0,0,0,0,0,0,0,0,0,0,0,0,0,0,0,0,0,0,0,0,0,0,0,0,0,0,0,0,0,0,0,0,0,0,0,0,0,0,0,0,0,0,0,0,0,0,0
Marne,0,0,0,0,0,0,0,0,0,0,0,0,0,0,0,0,0,0,0,0,0,0,0,0,0,0,0,0,0,0,0,0,0,0,0,0,0,0,0,0,0,0,0,0,0,0,0,0,0,0,0,0,0,0,0,0,0,0,0
Marquette MI,0,0,0,0,0,0,0,0,0,0,0,0,0,0,0,0,0,0,0,0,0,0,0,0,0,0,0,0,0,0,0,0,0,0,0,0,0,0,0,0,0,0,0,0,0,0,0,0,0,0,0,0,0,0,0,0,0,0,0
Mayenne,0,0,0,0,0,0,0,0,0,0,0,0,0,0,0,0,0,0,0,0,0,0,0,0,0,0,0,0,0,0,0,0,0,0,0,0,0,0,0,0,0,0,0,0,0,0,0,0,0,0,0,0,0,0,0,0,0,0,0
Medford-Klamath Falls OR,0,0,0,0,0,0,0,0,0,0,0,0,0,0,0,0,0,0,0,0,0,0,0,0,0,0,0,0,0,0,0,0,0,0,0,0,0,0,0,0,0,0,0,0,0,0,0,0,0,0,0,0,0,0,0,0,0,0,0
Memphis TN,50,37,25,18,16,14,7,12,18,27,24,26,40,25,40,15,15,14,18,28,21,25,18,32,36,32,2,33,34,17,33,36,22,49,35,29,18,27,35,19,12,25,42,46,25,25,10,21,20,24,38,16,23,30,29,38,48,41,39
Meridian MS,0,0,0,0,0,0,0,0,0,0,0,0,0,0,0,0,0,0,0,0,0,0,0,0,0,0,0,0,0,0,0,0,0,0,0,0,0,0,0,0,0,0,0,0,0,0,0,0,0,0,0,0,0,0,0,0,0,0,0
Meurthe-et-Moselle,0,0,0,0,0,0,0,0,0,0,0,0,0,0,0,0,0,0,0,0,0,0,0,0,0,0,0,0,0,0,0,0,0,0,0,0,0,0,0,0,0,0,0,0,0,0,0,0,0,0,0,0,0,0,0,0,0,0,0
Meuse,0,0,0,0,0,0,0,0,0,0,0,0,0,0,0,0,0,0,0,0,0,0,0,0,0,0,0,0,0,0,0,0,0,0,0,0,0,0,0,0,0,0,0,0,0,0,0,0,0,0,0,0,0,0,0,0,0,0,0
Miami-Ft. Lauderdale FL,24,26,19,12,9,18,13,22,13,13,17,20,17,14,23,20,28,6,22,17,19,17,20,16,23,20,5,18,30,10,19,24,19,26,18,18,16,24,13,20,9,21,19,28,24,14,10,9,8,14,20,19,20,25,11,26,29,19,20
Milwaukee WI,21,24,17,9,9,11,7,13,4,15,8,15,22,23,11,11,18,7,23,19,27,17,16,20,20,14,4,25,29,19,13,30,14,29,20,16,17,17,26,23,8,22,27,27,24,24,12,9,4,26,17,17,20,29,19,23,27,28,14
Minneapolis-St. Paul MN,20,23,12,10,16,10,11,10,8,15,16,11,13,13,20,14,27,5,22,16,18,13,17,14,22,21,5,14,26,16,10,24,15,16,17,16,14,20,18,14,8,17,17,15,16,17,8,11,9,20,17,22,17,26,12,28,28,23,22
Minot-Bismarck-Dickinson(Williston) ND,57,47,0,0,0,25,24,32,25,28,28,40,25,27,49,27,42,11,35,30,40,26,28,82,0,28,18,26,41,24,31,0,23,55,39,0,21,45,29,27,11,30,22,59,30,23,17,16,20,100,38,21,76,27,17,39,34,51,0
Missoula MT,0,0,0,0,0,0,0,0,0,0,0,0,0,0,0,0,0,0,0,0,0,0,0,0,0,0,0,0,0,0,0,0,0,0,0,0,0,0,0,0,0,0,0,0,0,0,0,0,0,0,0,0,0,0,0,0,0,0,0
Mobile AL-Pensacola (Ft. Walton Beach) FL,42,30,21,8,40,12,20,22,18,20,22,8,17,22,44,32,29,7,17,25,25,14,18,20,33,39,7,26,30,11,25,41,32,16,29,20,33,24,26,26,9,27,17,25,37,14,11,16,8,15,32,25,28,42,16,21,23,35,18
Monroe LA-El Dorado AR,83,93,0,100,0,0,100,68,100,0,0,52,36,76,46,49,57,15,47,67,70,71,37,37,0,0,23,100,50,29,54,59,38,34,0,31,67,75,28,66,26,28,54,36,60,58,24,15,17,45,63,39,32,34,43,35,64,31,0
Monterey-Salinas CA,48,45,21,0,0,15,0,17,14,0,0,42,36,27,22,19,37,5,35,14,25,12,0,34,0,0,8,12,26,22,15,27,21,25,13,13,21,14,11,17,8,27,31,14,34,11,14,6,5,20,26,16,41,33,0,47,45,13,21
Montgomery (Selma) AL,40,88,32,46,31,33,0,33,20,33,22,42,19,34,25,33,61,8,38,21,19,19,39,50,29,37,12,26,27,15,18,74,44,24,36,36,43,52,57,52,23,33,31,31,53,29,22,18,8,66,19,21,29,49,37,19,50,37,59
Morbihan,0,0,0,0,0,0,0,0,0,0,0,0,0,0,0,0,0,0,0,0,0,0,0,0,0,0,0,0,0,0,0,0,0,0,0,0,0,0,0,0,0,0,0,0,0,0,0,0,0,0,0,0,0,0,0,0,0,0,0
Moselle,0,0,0,0,0,0,0,0,0,0,0,0,0,0,0,0,0,0,0,0,0,0,0,0,0,0,0,0,0,0,0,0,0,0,0,0,0,0,0,0,0,0,0,0,0,0,0,0,0,0,0,0,0,0,0,0,0,0,0
Nashville TN,41,25,19,24,25,10,11,14,13,19,16,15,25,18,29,13,21,6,40,26,27,13,22,23,24,34,7,17,45,22,19,36,22,20,21,28,20,28,24,24,7,20,17,38,24,18,10,13,12,33,20,21,15,34,22,26,37,30,22
New Orleans LA,34,50,42,10,22,11,16,22,10,18,18,25,30,35,25,29,21,9,22,20,32,13,28,14,23,18,10,26,28,30,19,33,17,15,23,42,35,22,29,33,8,22,12,38,49,37,13,14,16,25,20,27,36,38,23,22,52,46,34
New York NY,26,23,13,10,13,9,9,13,10,14,14,12,18,16,21,15,24,6,19,15,22,14,16,17,16,17,6,18,22,12,12,19,14,16,20,16,15,20,15,20,7,15,15,21,20,16,10,7,7,16,13,12,14,15,10,20,22,19,16
Nievre,0,0,0,0,0,0,0,0,0,0,0,0,0,0,0,0,0,0,0,0,0,0,0,0,0,0,0,0,0,0,0,0,0,0,0,0,0,0,0,0,0,0,0,0,0,0,0,0,0,0,0,0,0,0,0,0,0,0,0
Nord,0,0,0,0,0,0,0,0,0,0,0,0,0,0,0,0,0,0,0,0,0,0,0,0,0,0,0,0,0,0,0,0,0,0,0,0,0,0,0,0,0,0,0,0,0,0,0,0,0,0,0,0,0,0,0,0,0,0,0
Norfolk-Portsmouth-Newport News VA,36,27,35,17,23,11,15,23,18,19,26,22,28,23,34,23,43,5,42,39,33,34,30,30,35,26,8,14,53,22,27,30,20,27,31,30,26,30,26,31,12,40,21,53,28,35,18,12,13,30,33,32,28,21,19,33,49,37,27
North Platte NE,0,0,0,0,0,0,0,0,0,0,0,0,0,0,0,0,0,0,0,0,0,0,0,0,0,0,0,0,0,0,0,0,0,0,0,0,0,0,0,0,0,0,0,0,0,0,0,0,0,0,0,0,0,0,0,0,0,0,0
Odessa-Midland TX,53,0,0,0,0,28,41,54,0,33,43,62,25,0,33,53,0,0,0,28,38,0,54,39,26,0,9,23,35,20,0,24,39,23,23,21,23,0,19,22,9,53,34,23,36,28,0,30,8,20,0,17,0,21,27,42,28,35,22
Oise,0,0,0,0,0,0,0,0,0,0,0,0,0,0,0,0,0,0,0,0,0,0,0,0,0,0,0,0,0,0,0,0,0,0,0,0,0,0,0,0,0,0,0,0,0,0,0,0,0,0,0,0,0,0,0,0,0,0,0
Oklahoma City OK,32,30,17,17,15,12,16,22,9,9,21,9,11,31,29,16,17,9,28,16,18,16,9,32,26,28,7,17,37,28,12,24,24,14,33,13,18,33,17,17,8,19,16,33,32,21,15,13,12,16,27,20,22,21,20,22,29,25,25
Omaha NE,25,27,23,14,13,14,14,9,19,25,10,20,20,22,17,14,21,4,28,22,14,16,19,24,10,20,6,12,44,10,14,25,15,33,27,13,23,28,17,16,10,9,15,26,29,26,16,15,12,22,37,20,12,22,8,30,39,34,24
Orlando-Daytona Beach-Melbourne FL,32,22,11,14,14,8,16,17,13,18,15,13,14,15,15,13,30,7,32,18,21,16,15,15,19,18,8,16,31,19,16,22,17,21,24,17,20,18,21,23,11,24,18,24,25,21,9,11,8,19,18,16,19,22,18,20,27,30,22
Orne,0,0,0,0,0,0,0,0,0,0,0,0,0,0,0,0,0,0,0,0,0,0,0,0,0,0,0,0,0,0,0,0,0,0,0,0,0,0,0,0,0,0,0,0,0,0,0,0,0,0,0,0,0,0,0,0,0,0,0
Ottumwa IA-Kirksville MO,0,0,0,0,0,100,0,0,0,100,0,100,100,100,0,100,0,100,0,0,100,97,100,0,0,100,100,93,0,100,0,0,86,100,0,100,0,0,84,100,44,100,0,0,0,0,100,100,0,0,100,0,0,0,0,0,0,100,0
Paducah KY-Cape Girardeau MO-Harrisburg-Mount Vernon IL,66,56,71,0,18,19,13,17,13,23,50,22,41,32,35,29,58,11,39,21,21,14,30,37,30,29,9,20,32,42,22,43,19,28,22,35,43,37,23,28,23,18,20,23,26,33,16,15,12,32,0,30,40,43,27,28,36,61,0
Palm Springs CA,0,0,0,0,0,0,0,0,0,0,0,0,0,0,0,0,0,0,0,0,0,0,0,0,0,0,0,0,0,0,0,0,0,0,0,0,0,0,0,0,0,0,0,0,0,0,0,0,0,0,0,0,0,0,0,0,0,0,0
Panama City FL,54,0,39,60,0,0,38,37,32,38,41,0,24,37,37,0,73,10,0,30,28,29,0,0,0,30,9,0,37,18,31,38,32,36,86,27,22,57,22,41,0,29,17,40,58,32,23,14,11,27,53,22,25,24,0,38,55,45,32
Paris,0,0,0,0,0,0,0,0,0,0,0,0,0,0,0,0,0,0,0,0,0,0,0,0,0,0,0,0,0,0,0,0,0,0,0,0,0,0,0,0,0,0,0,0,0,0,0,0,0,0,0,0,0,0,0,0,0,0,0
Parkersburg WV,0,0,0,0,0,0,0,0,0,0,0,0,0,0,0,0,0,0,0,0,0,0,0,0,0,0,0,0,0,0,0,0,0,0,0,0,0,0,0,0,0,0,0,0,0,0,0,0,0,0,0,0,0,0,0,0,0,0,0
Pas-de-Calais,0,0,0,0,0,0,0,0,0,0,0,0,0,0,0,0,0,0,0,0,0,0,0,0,0,0,0,0,0,0,0,0,0,0,0,0,0,0,0,0,0,0,0,0,0,0,0,0,0,0,0,0,0,0,0,0,0,0,0
Peoria-Bloomington IL,53,56,20,29,19,0,13,17,26,14,20,15,45,17,22,32,34,8,59,0,21,27,36,30,30,15,14,14,28,13,17,30,36,28,18,23,29,19,27,49,19,25,30,31,16,17,22,14,11,18,0,17,27,61,20,37,43,28,45
Philadelphia PA,34,28,20,12,15,9,8,12,9,12,17,16,24,20,22,21,26,7,18,19,18,18,17,20,23,21,7,19,28,15,15,24,18,28,28,23,24,23,21,22,8,19,17,24,30,23,10,10,12,18,21,16,22,19,16,26,28,24,20
Phoenix AZ,27,28,11,14,13,8,12,16,10,14,15,13,15,14,17,17,21,6,21,16,17,18,17,15,14,18,6,12,23,9,10,30,19,23,21,16,15,15,18,17,7,20,21,25,24,18,9,12,9,25,24,15,12,20,11,26,32,23,25
Pittsburgh PA,31,27,16,18,7,7,10,9,15,16,10,10,19,24,34,17,21,6,24,20,15,14,15,21,23,18,5,17,30,15,18,20,12,23,32,20,18,21,21,16,6,14,19,15,27,20,13,10,9,17,15,14,22,35,12,21,21,21,8
Portland OR,8,10,11,4,11,8,10,12,8,16,14,13,15,16,21,12,27,5,12,16,8,21,18,16,12,12,5,12,19,10,15,18,18,21,11,20,15,13,18,22,5,19,20,37,19,15,12,7,5,15,22,19,13,14,10,13,21,23,14
Portland-Auburn ME,23,31,16,16,10,10,12,22,14,11,12,8,23,16,22,9,26,14,16,24,34,20,23,18,9,28,3,30,24,14,14,34,19,23,9,11,18,15,10,12,14,9,26,9,26,11,9,12,6,30,0,22,24,17,8,24,39,26,38
Presque Isle ME,0,0,0,0,0,0,0,0,0,0,0,0,0,0,0,0,0,0,0,0,0,0,0,0,0,0,0,0,0,0,0,0,0,0,0,0,0,0,0,0,0,0,0,0,0,0,0,0,0,0,0,0,0,0,0,0,0,0,0
Providence RI-New Bedford MA,16,17,31,9,9,8,9,27,19,23,14,22,16,23,28,16,16,6,14,28,21,20,24,23,19,18,3,10,33,17,20,21,15,21,20,28,14,18,10,20,8,27,23,47,20,25,11,13,16,26,35,23,24,29,12,31,34,28,27
Puy-de-Dome,0,0,0,0,0,0,0,0,0,0,0,0,0,0,0,0,0,0,0,0,0,0,0,0,0,0,0,0,0,0,0,0,0,0,0,0,0,0,0,0,0,0,0,0,0,0,0,0,0,0,0,0,0,0,0,0,0,0,0
Pyrénées-Atlantiques,0,0,0,0,0,0,0,0,0,0,0,0,0,0,0,0,0,0,0,0,0,0,0,0,0,0,0,0,0,0,0,0,0,0,0,0,0,0,0,0,0,0,0,0,0,0,0,0,0,0,0,0,0,0,0,0,0,0,0
Pyrénées-Orientales,0,0,0,0,0,0,0,0,0,0,0,0,0,0,0,0,0,0,0,0,0,0,0,0,0,0,0,0,0,0,0,0,0,0,0,0,0,0,0,0,0,0,0,0,0,0,0,0,0,0,0,0,0,0,0,0,0,0,0
Quincy IL-Hannibal MO-Keokuk IA,0,0,0,0,0,0,0,0,0,0,0,0,0,0,0,0,0,0,0,0,0,0,0,0,0,0,0,0,0,0,0,0,0,0,0,0,0,0,0,0,0,0,0,0,0,0,0,0,0,0,0,0,0,0,0,0,0,0,0
Raleigh-Durham (Fayetteville) NC,38,29,17,15,13,16,11,15,10,24,21,17,18,17,17,22,30,10,28,36,28,29,23,21,24,12,7,25,26,22,20,28,20,27,34,23,18,34,15,25,11,19,28,33,38,21,9,14,12,21,35,27,20,27,19,37,33,38,33
Rapid City SD,0,0,0,0,0,0,0,0,0,0,0,0,0,0,0,0,0,0,0,0,0,0,0,0,0,0,0,0,0,0,0,0,0,0,0,0,0,0,0,0,0,0,0,0,0,0,0,0,0,0,0,0,0,0,0,0,0,0,0
Reno NV,54,19,14,10,15,27,17,15,17,24,14,13,13,26,32,14,31,0,0,29,19,13,37,13,20,0,6,12,37,16,9,25,10,13,26,20,15,17,16,22,12,21,10,0,21,11,9,15,10,23,12,15,18,19,12,16,28,19,0
Rhône,0,0,0,0,0,0,0,0,0,0,0,0,0,0,0,0,0,0,0,0,0,0,0,0,0,0,0,0,0,0,0,0,0,0,0,0,0,0,0,0,0,0,0,0,0,0,0,0,0,0,0,0,0,0,0,0,0,0,0
Richmond-Petersburg VA,29,59,17,16,12,17,14,15,21,19,22,21,19,26,39,17,21,9,32,23,35,15,28,34,29,14,5,21,32,26,27,34,21,29,29,15,23,23,12,25,8,10,22,39,23,30,10,8,9,19,28,26,50,21,19,42,37,25,25
Roanoke-Lynchburg VA,3,1,2,2,3,2,24,25,9,20,23,14,13,15,17,15,29,14,53,32,15,17,19,30,24,14,0,17,46,9,15,44,28,32,24,21,15,14,29,25,13,13,21,40,23,23,10,16,14,22,35,6,40,44,14,41,47,31,26
Rochester MN-Mason City IA-Austin MN,46,75,0,0,40,21,19,26,35,47,22,41,0,27,32,26,40,16,34,29,53,26,27,26,27,53,9,25,37,23,20,46,33,25,50,47,33,52,41,38,10,22,21,0,28,34,12,12,9,0,25,20,24,0,0,27,34,38,0
Rochester NY,43,57,25,11,9,9,16,18,25,28,8,14,15,18,27,13,20,5,47,21,24,20,16,22,42,16,4,19,22,21,14,29,17,37,24,23,30,17,20,28,7,36,28,67,50,22,10,13,9,18,32,25,36,22,14,23,37,27,9
Rockford IL,78,58,41,32,36,25,0,0,25,45,0,0,33,24,47,23,46,10,30,0,24,23,37,0,37,24,8,33,33,30,34,40,20,23,22,63,27,23,50,61,18,19,18,87,50,27,11,10,13,21,22,30,21,23,29,23,59,45,0
Sacramento-Stockton-Modesto CA,18,16,8,6,9,5,4,11,6,6,10,5,15,15,15,20,12,4,12,13,11,11,12,10,17,14,6,11,26,13,14,19,11,15,16,13,15,13,15,23,8,12,14,21,17,14,9,8,8,19,21,14,17,23,12,23,21,17,14
Salisbury MD,64,0,47,68,41,29,0,37,0,0,40,76,38,29,36,53,73,9,24,22,23,63,28,0,29,0,9,49,82,18,46,45,19,25,38,33,42,27,21,52,19,17,14,30,37,44,21,18,20,24,0,20,22,41,11,35,58,47,51
Salt Lake City UT,22,7,0,8,9,6,11,17,7,10,8,6,12,6,10,10,17,4,18,12,11,13,10,21,14,6,6,10,11,10,6,21,8,18,18,15,12,12,7,14,5,12,9,19,20,20,8,8,5,11,10,10,9,15,10,16,16,12,11
San Angelo TX,0,0,0,0,0,0,0,0,0,0,0,0,0,0,0,0,0,0,0,0,0,0,0,0,0,0,0,0,0,0,0,0,0,0,0,0,0,0,0,0,0,0,0,0,0,0,0,0,0,0,0,0,0,0,0,0,0,0,0
San Antonio TX,23,13,14,20,25,14,21,18,25,21,25,10,11,17,21,24,16,6,34,21,19,22,22,26,25,33,7,16,23,12,15,23,17,31,24,27,16,17,22,21,5,22,28,15,27,18,11,12,14,18,22,22,25,24,19,27,44,25,38
San Diego CA,17,20,17,12,13,11,9,14,7,16,13,15,15,18,22,18,27,4,18,12,18,20,10,27,8,16,7,17,28,12,14,22,20,22,21,27,15,20,16,14,7,17,15,23,22,20,9,7,8,16,24,18,25,22,12,16,18,25,13
San Francisco-Oakland-San Jose CA,19,18,16,7,9,6,8,8,9,8,10,10,14,11,14,11,17,4,12,9,12,10,14,13,14,16,3,11,20,9,9,13,10,12,14,14,12,11,9,14,6,10,7,14,17,13,5,8,5,9,15,7,10,14,8,11,19,15,12
Santa Barbara-Santa Maria-San Luis Obispo CA,26,21,30,22,12,10,10,46,16,14,15,24,0,12,21,17,42,10,0,14,41,17,18,26,12,17,8,21,49,17,14,12,18,11,16,18,34,31,10,16,4,20,23,14,14,17,10,10,5,18,18,24,49,12,8,26,26,30,13
Sarthe,0,0,0,0,0,0,0,0,0,0,0,0,0,0,0,0,0,0,0,0,0,0,0,0,0,0,0,0,0,0,0,0,0,0,0,0,0,0,0,0,0,0,0,0,0,0,0,0,0,0,0,0,0,0,0,0,0,0,0
Savannah GA,36,45,16,24,0,23,11,36,12,13,35,29,20,34,30,21,73,9,41,45,27,26,21,18,16,31,7,47,39,33,24,41,26,45,26,30,24,30,16,26,20,22,26,64,22,31,12,8,9,25,41,24,19,50,16,23,18,42,58
Savoie,0,0,0,0,0,0,0,0,0,0,0,0,0,0,0,0,0,0,0,0,0,0,0,0,0,0,0,0,0,0,0,0,0,0,0,0,0,0,0,0,0,0,0,0,0,0,0,0,0,0,0,0,0,0,0,0,0,0,0
Saône-et-Loire,0,0,0,0,0,0,0,0,0,0,0,0,0,0,0,0,0,0,0,0,0,0,0,0,0,0,0,0,0,0,0,0,0,0,0,0,0,0,0,0,0,0,0,0,0,0,0,0,0,0,0,0,0,0,0,0,0,0,0
Seattle-Tacoma WA,17,17,13,11,11,8,11,12,11,10,13,11,20,11,26,15,22,5,15,22,16,14,12,14,21,13,4,16,18,13,9,17,16,19,14,21,15,17,14,15,7,12,13,12,15,19,11,10,7,12,12,17,13,19,9,14,30,22,18
Seine-Maritime,0,0,0,0,0,0,0,0,0,0,0,0,0,0,0,0,0,0,0,0,0,0,0,0,0,0,0,0,0,0,0,0,0,0,0,0,0,0,0,0,0,0,0,0,0,0,0,0,0,0,0,0,0,0,0,0,0,0,0
Seine-Saint-Denis,0,0,0,0,0,0,0,0,0,0,0,0,0,0,0,0,0,0,0,0,0,0,0,0,0,0,0,0,0,0,0,0,0,0,0,0,0,0,0,0,0,0,0,0,0,0,0,0,0,0,0,0,0,0,0,0,0,0,0
Seine-et-Marne,0,0,0,0,0,0,0,0,0,0,0,0,0,0,0,0,0,0,0,0,0,0,0,0,0,0,0,0,0,0,0,0,0,0,0,0,0,0,0,0,0,0,0,0,0,0,0,0,0,0,0,0,0,0,0,0,0,0,0
Sherman TX-Ada OK,0,0,0,0,0,0,0,0,0,0,0,0,0,0,0,0,0,0,0,0,0,0,0,0,0,0,0,0,0,0,0,0,0,0,0,0,0,0,0,0,0,0,0,0,0,0,0,0,0,0,0,0,0,0,0,0,0,0,0
Shreveport LA,69,36,26,47,35,35,16,41,31,34,18,52,23,22,0,29,52,9,37,31,24,33,29,29,22,28,9,40,58,27,58,60,27,51,22,30,28,18,26,41,5,19,22,15,45,12,24,21,19,21,40,22,45,34,18,41,18,22,42
Sioux City IA,0,0,0,0,0,0,0,0,0,0,0,0,0,0,0,0,0,0,0,0,0,0,0,0,0,0,0,0,0,0,0,0,0,0,0,0,0,0,0,0,0,0,0,0,0,0,0,0,0,0,0,0,0,0,0,0,0,0,0
Sioux Falls(Mitchell) SD,49,27,0,31,58,36,30,20,15,27,31,21,42,22,40,24,26,14,23,19,16,31,40,16,17,32,11,15,48,25,26,34,33,16,23,29,20,16,26,16,17,22,37,72,26,14,15,15,10,15,74,25,30,17,16,49,27,30,16
Somme,0,0,0,0,0,0,0,0,0,0,0,0,0,0,0,0,0,0,0,0,0,0,0,0,0,0,0,0,0,0,0,0,0,0,0,0,0,0,0,0,0,0,0,0,0,0,0,0,0,0,0,0,0,0,0,0,0,0,0
South Bend-Elkhart IN,34,24,0,28,27,27,24,16,12,21,14,27,0,25,15,25,32,5,32,14,24,23,29,21,13,0,10,12,34,16,25,21,15,12,12,19,26,24,16,25,7,11,30,33,32,26,6,11,8,22,23,25,11,37,8,24,23,23,18
Spokane WA,16,70,31,9,23,17,8,15,12,18,13,27,21,9,34,19,14,4,12,21,12,13,9,13,19,44,9,8,22,8,14,14,30,35,31,17,23,30,12,21,6,20,17,19,26,26,9,8,13,16,34,7,26,9,14,18,42,20,18
Springfield MO,30,22,24,17,35,20,18,12,0,16,12,17,24,21,20,16,25,4,20,23,26,16,24,26,11,22,4,0,31,21,18,21,9,10,20,15,14,35,12,42,9,24,22,33,17,15,7,18,8,14,20,28,29,10,13,20,27,23,26
Springfield-Holyoke MA,0,63,23,22,15,35,19,18,18,20,14,38,35,23,30,12,33,14,36,31,28,29,33,21,27,25,4,17,27,40,11,36,17,20,24,20,24,46,27,24,10,23,15,15,22,24,20,11,13,34,24,24,12,41,22,32,27,27,19
St. Joseph MO,0,0,0,0,0,0,0,0,0,0,0,0,0,0,0,0,0,0,0,0,0,0,0,0,0,0,0,0,0,0,0,0,0,0,0,0,0,0,0,0,0,0,0,0,0,0,0,0,0,0,0,0,0,0,0,0,0,0,0
St. Louis MO,44,33,19,13,19,13,17,12,17,19,21,18,19,11,28,13,32,8,28,23,15,26,21,23,26,13,7,19,29,25,16,23,15,19,14,32,24,14,21,23,11,15,21,30,15,27,12,15,8,25,18,17,23,17,17,21,33,26,37
Syracuse NY,37,38,33,8,27,20,19,23,18,21,34,8,23,18,18,19,33,6,36,20,25,19,23,13,28,25,10,19,36,23,21,19,16,22,32,26,17,45,29,15,5,20,22,26,26,16,7,18,12,23,18,24,22,30,22,15,44,47,42
Tallahassee FL-Thomasville GA,53,41,41,29,53,21,0,64,18,31,15,25,25,30,74,35,45,15,0,20,31,33,56,20,35,20,5,36,50,31,21,56,22,51,40,44,42,45,23,49,11,27,15,52,48,33,15,7,14,33,54,22,20,57,14,19,34,17,49
Tampa-St. Petersburg (Sarasota) FL,18,28,15,12,14,8,16,6,16,14,16,9,12,17,22,19,33,6,20,19,16,16,23,19,26,18,7,22,29,16,20,18,17,22,20,25,17,18,19,24,8,27,17,31,22,25,11,11,10,20,23,20,32,22,14,25,39,22,14
Tarn,0,0,0,0,0,0,0,0,0,0,0,0,0,0,0,0,0,0,0,0,0,0,0,0,0,0,0,0,0,0,0,0,0,0,0,0,0,0,0,0,0,0,0,0,0,0,0,0,0,0,0,0,0,0,0,0,0,0,0
Tarn-et-Garonne,0,0,0,0,0,0,0,0,0,0,0,0,0,0,0,0,0,0,0,0,0,0,0,0,0,0,0,0,0,0,0,0,0,0,0,0,0,0,0,0,0,0,0,0,0,0,0,0,0,0,0,0,0,0,0,0,0,0,0
Terre Haute IN,0,0,0,0,0,0,0,0,0,0,0,0,0,0,0,0,0,0,0,0,0,0,0,0,0,0,0,0,0,0,0,0,0,0,0,0,0,0,0,0,0,0,0,0,0,0,0,0,0,0,0,0,0,0,0,0,0,0,0
Territoire de Belfort,0,0,0,0,0,0,0,0,0,0,0,0,0,0,0,0,0,0,0,0,0,0,0,0,0,0,0,0,0,0,0,0,0,0,0,0,0,0,0,0,0,0,0,0,0,0,0,0,0,0,0,0,0,0,0,0,0,0,0
Toledo OH,38,0,32,9,46,15,18,23,18,21,25,19,21,28,18,9,25,10,13,16,9,23,29,10,19,19,8,27,48,20,24,44,13,15,25,26,24,34,25,25,10,20,33,46,38,30,11,7,13,26,18,20,40,10,19,9,36,33,24
Topeka KS,34,72,53,19,0,19,20,0,19,44,65,35,31,22,53,32,58,0,0,41,0,32,22,23,0,45,0,40,77,20,18,23,36,43,53,58,17,22,18,44,19,30,19,49,24,25,21,10,17,51,22,26,0,25,24,23,29,22,58
Traverse City-Cadillac MI,41,45,32,0,0,0,0,25,83,23,22,21,20,22,28,22,33,8,57,41,20,59,22,22,22,44,11,21,39,16,12,37,21,20,100,20,26,32,18,21,8,0,12,18,21,17,29,19,13,32,20,24,36,18,49,17,55,46,41
Tri-Cities TN-VA,34,0,0,0,25,17,30,0,32,55,26,0,23,33,55,33,26,12,21,24,16,24,16,25,17,32,13,15,45,36,32,32,26,55,25,0,16,21,19,32,6,18,25,33,17,14,29,14,17,28,44,25,30,78,15,25,45,20,15
Tucson (Sierra Vista) AZ,27,29,15,11,12,14,7,18,11,24,21,24,24,9,24,30,52,8,35,19,21,8,12,13,13,17,3,8,24,17,6,30,18,22,14,13,17,28,14,27,3,7,19,22,37,25,9,16,7,22,20,13,24,22,11,36,44,36,21
Tulsa OK,37,13,27,6,10,35,14,33,8,12,7,3,25,21,23,21,31,4,18,14,16,20,14,13,14,10,5,9,39,21,19,13,10,15,15,15,25,10,22,32,6,11,36,41,19,20,17,11,7,18,18,20,31,19,26,18,32,19,7
Twin Falls ID,0,0,0,0,0,0,0,0,0,0,0,0,0,0,0,0,0,0,0,0,0,0,0,0,0,0,0,0,0,0,0,0,0,0,0,0,0,0,0,0,0,0,0,0,0,0,0,0,0,0,0,0,0,0,0,0,0,0,0
Tyler-Longview(Lufkin & Nacogdoches) TX,47,100,35,17,33,26,30,20,23,26,18,26,17,31,44,26,27,15,22,44,23,25,24,30,71,0,9,32,57,37,39,23,14,17,22,24,40,22,21,25,7,23,26,27,42,34,16,19,16,30,66,33,31,34,22,39,50,26,17
Utica NY,0,0,0,0,0,0,0,0,0,0,0,0,0,0,0,0,0,0,0,0,0,0,0,0,0,0,0,0,0,0,0,0,0,0,0,0,0,0,0,0,0,0,0,0,0,0,0,0,0,0,0,0,0,0,0,0,0,0,0
Val-d'Oise,0,0,0,0,0,0,0,0,0,0,0,0,0,0,0,0,0,0,0,0,0,0,0,0,0,0,0,0,0,0,0,0,0,0,0,0,0,0,0,0,0,0,0,0,0,0,0,0,0,0,0,0,0,0,0,0,0,0,0
Val-de-Marne,0,0,0,0,0,0,0,0,0,0,0,0,0,0,0,0,0,0,0,0,0,0,0,0,0,0,0,0,0,0,0,0,0,0,0,0,0,0,0,0,0,0,0,0,0,0,0,0,0,0,0,0,0,0,0,0,0,0,0
Var,0,0,0,0,0,0,0,0,0,0,0,0,0,0,0,0,0,0,0,0,0,0,0,0,0,0,0,0,0,0,0,0,0,0,0,0,0,0,0,0,0,0,0,0,0,0,0,0,0,0,0,0,0,0,0,0,0,0,0
Vaucluse,0,0,0,0,0,0,0,0,0,0,0,0,0,0,0,0,0,0,0,0,0,0,0,0,0,0,0,0,0,0,0,0,0,0,0,0,0,0,0,0,0,0,0,0,0,0,0,0,0,0,0,0,0,0,0,0,0,0,0
Vendee,0,0,0,0,0,0,0,0,0,0,0,0,0,0,0,0,0,0,0,0,0,0,0,0,0,0,0,0,0,0,0,0,0,0,0,0,0,0,0,0,0,0,0,0,0,0,0,0,0,0,0,0,0,0,0,0,0,0,0
Victoria TX,0,0,0,0,0,0,0,0,0,0,0,0,0,0,0,0,0,0,0,0,0,0,0,0,0,0,0,0,0,0,0,0,0,0,0,0,0,0,0,0,0,0,0,0,0,0,0,0,0,0,0,0,0,0,0,0,0,0,0
Vienne,0,0,0,0,0,0,0,0,0,0,0,0,0,0,0,0,0,0,0,0,0,0,0,0,0,0,0,0,0,0,0,0,0,0,0,0,0,0,0,0,0,0,0,0,0,0,0,0,0,0,0,0,0,0,0,0,0,0,0
Vosges,0,0,0,0,0,0,0,0,0,0,0,0,0,0,0,0,0,0,0,0,0,0,0,0,0,0,0,0,0,0,0,0,0,0,0,0,0,0,0,0,0,0,0,0,0,0,0,0,0,0,0,0,0,0,0,0,0,0,0
Waco-Temple-Bryan TX,57,29,30,25,12,9,9,26,13,15,24,17,16,28,43,20,15,8,26,25,17,17,21,30,19,27,9,25,18,14,22,10,24,26,26,18,17,42,27,26,11,19,23,36,25,35,26,9,12,21,26,25,18,44,19,25,41,36,9
Washington DC (Hagerstown MD),22,23,21,11,15,10,8,17,12,15,20,15,17,18,23,20,25,8,20,15,16,15,15,16,18,18,7,15,24,13,12,25,15,22,22,20,16,18,12,20,7,17,17,26,21,21,14,10,9,19,17,16,18,15,13,22,26,21,15
Watertown NY,0,0,0,0,0,0,0,0,0,0,0,0,0,0,0,0,0,0,0,0,0,0,0,0,0,0,0,0,0,0,0,0,0,0,0,0,0,0,0,0,0,0,0,0,0,0,0,0,0,0,0,0,0,0,0,0,0,0,0
Wausau-Rhinelander WI,36,39,0,20,0,18,19,25,0,0,34,28,24,26,32,25,39,11,0,0,0,62,26,38,52,0,8,47,46,21,0,26,42,25,36,23,29,50,27,24,19,21,48,52,39,61,18,23,9,23,24,0,22,24,15,36,62,23,0
West Palm Beach-Ft. Pierce FL,21,23,17,16,17,10,12,17,14,27,10,10,22,7,17,12,22,8,22,14,14,27,8,12,26,18,8,21,20,20,15,20,7,17,21,11,14,26,21,10,6,18,18,17,10,19,15,6,7,16,17,21,30,21,19,25,22,16,16
Wheeling WV-Steubenville OH,0,0,0,0,0,0,0,0,0,0,0,0,0,0,0,0,0,0,0,0,0,0,0,0,0,0,0,0,0,0,0,0,0,0,0,0,0,0,0,0,0,0,0,0,0,0,0,0,0,0,0,0,0,0,0,0,0,0,0
Wichita Falls TX & Lawton OK,100,0,0,0,49,36,0,43,0,37,0,34,27,0,38,30,47,12,77,33,0,43,30,62,31,0,15,28,43,0,44,30,48,49,28,29,23,0,25,59,18,49,63,32,48,0,24,18,0,27,0,0,41,60,19,57,61,27,43
Wichita-Hutchinson KS,0,41,16,15,14,12,15,28,17,22,21,21,14,8,33,9,28,4,36,10,12,22,33,28,24,14,9,13,40,19,14,19,23,18,27,35,17,16,23,27,6,13,15,25,15,8,18,7,8,17,8,14,17,9,19,28,20,13,29
Wilkes Barre-Scranton PA,34,44,26,20,15,11,20,9,7,11,11,10,18,11,13,43,18,8,15,11,13,18,19,8,16,8,10,15,26,18,17,18,23,15,35,14,22,26,29,23,5,11,12,36,19,13,11,15,10,23,7,18,32,8,10,27,26,15,19
Wilmington NC,82,43,0,23,57,20,18,37,29,23,23,30,19,33,24,20,30,12,59,41,36,29,30,31,20,0,6,0,53,46,19,24,23,57,50,37,44,29,16,47,11,25,20,58,26,23,22,9,19,18,18,44,17,18,16,52,56,30,39
Yakima-Pasco-Richland-Kennewick WA,31,0,36,17,20,15,0,48,32,17,16,15,55,17,21,18,77,7,22,19,23,16,26,0,0,0,5,16,35,28,25,17,14,41,20,30,24,24,20,16,11,13,26,78,63,14,11,22,6,35,15,21,14,47,10,37,31,40,15
Yonne,0,0,0,0,0,0,0,0,0,0,0,0,0,0,0,0,0,0,0,0,0,0,0,0,0,0,0,0,0,0,0,0,0,0,0,0,0,0,0,0,0,0,0,0,0,0,0,0,0,0,0,0,0,0,0,0,0,0,0
Youngstown OH,37,82,0,0,27,0,20,0,41,23,21,20,27,0,35,19,29,10,36,21,25,18,47,36,19,19,6,17,52,16,34,19,15,27,17,33,13,30,19,23,14,30,33,39,29,15,8,15,13,16,33,0,40,45,28,35,68,50,26
Yuma AZ-El Centro CA,0,0,0,0,0,0,0,0,0,0,0,0,0,0,0,0,0,0,0,0,0,0,0,0,0,0,0,0,0,0,0,0,0,0,0,0,0,0,0,0,0,0,0,0,0,0,0,0,0,0,0,0,0,0,0,0,0,0,0
Yvelines,0,0,0,0,0,0,0,0,0,0,0,0,0,0,0,0,0,0,0,0,0,0,0,0,0,0,0,0,0,0,0,0,0,0,0,0,0,0,0,0,0,0,0,0,0,0,0,0,0,0,0,0,0,0,0,0,0,0,0
Zanesville OH,0,0,0,0,0,0,0,0,0,0,0,0,0,0,0,0,0,0,0,0,0,0,0,0,0,0,0,0,0,0,0,0,0,0,0,0,0,0,0,0,0,0,0,0,0,0,0,0,0,0,0,0,0,0,0,0,0,0,0
